﻿TOK taking a selfie showing her ass,0j74lyuecs7b1.jpg               
TOK taking a selfie while topless with her right arm raised,0rdic1qj409b1.jpg               
TOK taking a selfie showing her ass and the soles of her feet,1eejqqc5ad7b1.jpg               
TOK taking a selfie sitting on the floor topless,2ilpoo1qko8b1.jpg               
TOK taking a selfie bending over in a thong showing off her ass,2ve9bdxi4j9b1.jpg               
TOK taking a selfie totally nude showing her cute butt,3fbl5s4xq29b1.jpg               
TOK taking a selfie with her phone completely naked in her room,5q2vjpj8268b1.jpg               
TOK lying in bed naked ,6o8yt5uhed8b1.jpg               
TOK in bed naked showing her feet and ass,8ahfkgngvp5b1.jpg               
TOK taking a selfie with her panties pulled down,8ckte83wbd7b1.jpg               
TOK in glasses taking a sexy picture showing off her ass in a thong and white shirt,8ff3002rwh5b1.jpg               
TOK bending over showing off her ass in a pink thong,8j0neslg368b1.jpg               
TOK taking a selfie in a short dress and heels,8owt4hxms29b1.png               
TOK looking up at the camera with a needy and alluring stare,curious.jpg                     
TOK sitting on the ground topless showing off her toes in white shorts,feet in face 2.jpg              
TOK sitting on the ground holding up her feet to entice foot fetish,feet in face.jpg                
TOK lying on bed in the pose showing off her soles in hose,lying down sole up.jpg          
TOK lifting a white tshirt to show her small tits and nipples,"smiling, nipples, abs.jpg       "
TOK in the pose smiling displaying her soles and red panties,the pose 2.jpg                  
TOK nude in the pose showing her soles and feet,the pose 3.jpg                  
TOK nude in the pose lying down with her feet oversaturated by the sunlight,the pose.jpg                    
TOK taking a selfie in the mirror with her tongue out completely naked,tongue out (2).jpg              
TOK taking a selfie wearing a baggy tshirt with her tongue out,tongue out 3.jpg                
TOK sitting on the floor in shorts with her tongue out while topless holding her boobs,tongue out.jpg                  
TOK topless lying in bed looking directly into camera as if you were on top of her,"topless, in bed.jpg             "
TOK taking a mirror selfie looking confused needy and sexy close to ahegao,"topless, looking up, wanting.jpg"
TOK with pigtails taking a topless selfie with tight black shorts,"topless, pigtails.jpg           "
TOK with glasses in the pose and light blue panties,with glasses.jpg                
